,RiskPerformance
589,Bad
7726,Bad
48,Bad
2343,Bad
5336,Bad
6710,Good
5727,Bad
9430,Bad
2140,Bad
9918,Bad
4894,Good
8225,Bad
4408,Bad
6233,Good
2255,Bad
9668,Good
3037,Bad
2503,Good
3126,Good
9715,Good
6717,Good
3480,Good
5549,Good
481,Bad
1821,Bad
1578,Good
2693,Good
692,Bad
6157,Good
8954,Bad
9852,Good
4715,Good
1260,Bad
5,Bad
3501,Good
3110,Bad
6358,Bad
2887,Bad
8234,Bad
858,Good
9482,Bad
5357,Good
1380,Good
159,Bad
6649,Bad
4487,Bad
4990,Bad
7417,Bad
9801,Good
478,Bad
120,Good
6892,Good
3184,Good
9257,Good
156,Bad
9451,Bad
2245,Bad
9021,Good
1889,Good
3352,Good
10215,Bad
5505,Good
1913,Good
10282,Bad
10233,Bad
6319,Bad
2268,Bad
6213,Good
3960,Good
8510,Bad
5535,Good
8663,Good
4883,Bad
1116,Bad
9169,Bad
2524,Bad
1101,Bad
9195,Bad
3441,Good
5414,Bad
6116,Bad
7409,Bad
1573,Good
4677,Bad
2640,Bad
8907,Bad
8060,Good
6926,Good
6237,Good
7602,Bad
8748,Good
1677,Bad
1914,Bad
5886,Bad
1415,Bad
7571,Bad
2152,Bad
6532,Good
4165,Bad
2670,Bad
2491,Good
10440,Good
6597,Good
2263,Good
1207,Good
282,Bad
1812,Good
4451,Bad
2694,Bad
8064,Good
3630,Bad
3254,Good
5008,Bad
3942,Good
8043,Good
4679,Bad
8946,Bad
2995,Good
4210,Bad
7502,Bad
7752,Bad
5595,Good
5612,Bad
9049,Bad
493,Good
1189,Bad
3187,Good
5298,Bad
6442,Bad
8430,Bad
8514,Bad
5376,Bad
3956,Good
7555,Bad
2836,Bad
6435,Bad
7213,Good
936,Good
10027,Good
1442,Bad
3829,Good
5715,Bad
7460,Bad
2145,Bad
8529,Bad
1789,Good
363,Good
1768,Good
4150,Good
7120,Good
3917,Good
5333,Good
8229,Good
806,Good
7450,Bad
2264,Good
9291,Good
3275,Bad
10032,Good
8361,Bad
4212,Good
2291,Bad
193,Bad
1809,Bad
8719,Bad
7418,Bad
5458,Bad
291,Good
5719,Good
10085,Good
5126,Bad
1845,Bad
6354,Good
2467,Good
9587,Bad
3644,Good
4501,Bad
9910,Bad
3888,Good
2692,Bad
6323,Bad
7356,Good
9226,Bad
4452,Bad
6964,Good
4545,Bad
8495,Bad
8085,Good
8269,Bad
2794,Bad
10288,Good
5318,Bad
5851,Good
212,Bad
2005,Good
4811,Bad
7819,Good
1034,Bad
7865,Bad
7358,Bad
5745,Bad
2175,Bad
5484,Good
8522,Bad
4913,Bad
6758,Good
7295,Good
3115,Good
2580,Bad
7273,Bad
10036,Good
6831,Bad
4071,Bad
7578,Good
8680,Good
1095,Good
4048,Good
4313,Bad
5659,Bad
3410,Bad
2934,Good
9689,Good
4468,Bad
7377,Bad
178,Bad
5061,Bad
8494,Bad
637,Good
10364,Bad
9119,Bad
7363,Good
7688,Bad
9425,Bad
8707,Bad
7549,Bad
8791,Good
4774,Good
5564,Good
10232,Bad
4868,Bad
5615,Bad
7022,Good
8806,Good
3534,Good
7205,Good
2634,Bad
6006,Bad
6931,Good
10340,Good
4454,Bad
7700,Bad
7297,Bad
4123,Bad
9562,Bad
3568,Good
1636,Good
2441,Bad
8601,Good
8770,Bad
9367,Bad
8915,Bad
2193,Bad
5923,Good
1776,Bad
10239,Good
8853,Good
3200,Good
3517,Good
6071,Bad
2639,Good
9901,Bad
4914,Good
4910,Bad
8671,Good
7079,Good
912,Good
308,Good
4867,Bad
10045,Bad
7508,Bad
8404,Bad
7758,Bad
1236,Bad
3117,Good
3138,Bad
808,Good
9150,Bad
7525,Bad
2349,Good
10390,Good
9721,Bad
3161,Good
5969,Bad
5736,Bad
9419,Bad
164,Good
5265,Bad
5598,Good
9338,Good
6601,Good
8409,Good
2944,Bad
3152,Good
8576,Bad
1879,Bad
7238,Bad
148,Bad
1661,Bad
5021,Good
5293,Bad
7412,Bad
1602,Good
395,Bad
6292,Good
7169,Good
8202,Good
8480,Good
8233,Bad
9293,Good
1304,Good
7768,Bad
4553,Good
6579,Bad
9198,Bad
7244,Good
3089,Good
8865,Bad
6960,Good
977,Good
540,Bad
207,Good
9328,Good
6085,Good
8715,Bad
5768,Bad
4014,Good
10423,Good
5198,Good
8397,Good
9691,Bad
4171,Bad
7971,Good
8322,Good
498,Good
7251,Bad
7603,Bad
9990,Good
9626,Good
4559,Bad
4941,Good
5164,Good
2983,Good
7279,Bad
6699,Bad
7465,Bad
3108,Bad
3389,Good
9487,Bad
9885,Good
764,Bad
644,Good
6726,Good
2749,Bad
5149,Bad
6434,Bad
9750,Bad
7019,Good
6145,Good
8953,Bad
2310,Bad
6247,Bad
4695,Bad
6332,Bad
6544,Bad
3492,Good
2004,Good
7043,Bad
3100,Good
5868,Good
5085,Bad
7315,Bad
7154,Bad
2365,Bad
5807,Bad
8924,Bad
839,Good
1192,Bad
10280,Good
1310,Bad
3293,Good
6493,Bad
6641,Bad
9601,Good
7296,Good
10260,Good
5852,Bad
1890,Bad
836,Good
4576,Good
7838,Bad
1664,Bad
739,Good
8420,Bad
503,Bad
6460,Bad
6384,Good
8738,Good
5006,Good
5501,Bad
8481,Bad
8352,Bad
9984,Bad
434,Bad
7204,Good
2164,Bad
5819,Bad
3496,Bad
5910,Good
789,Good
6109,Bad
4091,Bad
1534,Bad
4608,Good
3285,Good
8143,Good
3002,Bad
6781,Good
5757,Bad
7931,Bad
9149,Bad
4757,Good
4852,Good
570,Bad
8900,Bad
3157,Good
3546,Bad
504,Bad
7413,Good
9849,Bad
7210,Bad
5258,Good
2824,Bad
6091,Good
4127,Bad
8808,Bad
1059,Bad
3162,Good
3148,Good
6273,Bad
7994,Good
3791,Good
7391,Good
6661,Bad
9641,Good
5720,Bad
162,Good
3531,Good
899,Good
4148,Bad
1822,Good
6527,Bad
6119,Good
9340,Good
357,Good
9098,Bad
8984,Good
3819,Good
1922,Bad
6787,Good
9193,Good
1470,Bad
1422,Bad
6224,Good
1035,Good
8640,Good
3361,Good
2033,Good
4809,Good
9657,Bad
2680,Bad
4947,Good
7077,Bad
1753,Good
7110,Bad
4192,Good
5282,Bad
6309,Good
8621,Good
190,Good
3817,Bad
7396,Bad
5389,Good
9450,Bad
7226,Good
7209,Bad
2953,Bad
6325,Good
4430,Bad
994,Good
7285,Bad
6572,Good
5181,Bad
9192,Bad
1327,Bad
8281,Bad
864,Good
8383,Bad
7597,Bad
2176,Bad
717,Bad
9369,Good
8033,Good
480,Bad
9590,Bad
6660,Bad
5137,Good
1594,Bad
5112,Good
8540,Good
8863,Bad
2790,Bad
3214,Bad
9065,Bad
5466,Bad
2950,Good
10254,Good
9787,Bad
5974,Good
1790,Good
6772,Bad
6177,Bad
1168,Good
2356,Good
8758,Bad
1048,Bad
2058,Bad
4057,Bad
1614,Bad
1122,Bad
7006,Bad
3344,Bad
691,Good
1551,Bad
3412,Good
52,Bad
5639,Bad
3024,Good
9850,Good
5234,Good
8778,Good
7325,Good
7035,Good
9187,Bad
8461,Good
7997,Good
5697,Bad
3656,Good
8609,Bad
2172,Bad
2124,Good
4570,Bad
1985,Bad
5379,Bad
1214,Good
7996,Good
6361,Bad
3047,Bad
860,Bad
10348,Good
4900,Good
6057,Bad
105,Bad
5500,Good
9911,Bad
6522,Bad
2470,Good
365,Bad
9857,Bad
6499,Bad
787,Good
170,Bad
5983,Bad
4869,Good
9571,Good
9086,Good
3005,Good
10367,Good
7669,Good
4499,Good
2821,Good
4429,Bad
1549,Bad
198,Bad
334,Good
9061,Good
2866,Bad
2531,Bad
9678,Good
3163,Good
261,Bad
3647,Good
9970,Good
6604,Good
561,Good
1903,Good
9201,Good
1592,Good
3438,Bad
2314,Bad
7375,Bad
2527,Good
4687,Good
5038,Good
9418,Bad
6580,Bad
7324,Bad
8279,Good
5690,Bad
7183,Good
104,Good
5494,Bad
6431,Good
5847,Bad
9660,Good
1706,Bad
9934,Bad
1353,Bad
5844,Good
8722,Bad
1557,Good
6048,Bad
5748,Good
7599,Good
30,Good
1785,Good
2671,Bad
2709,Bad
2708,Good
6603,Good
4016,Good
4152,Bad
4833,Good
9209,Bad
9880,Good
793,Good
2422,Bad
8902,Good
7731,Bad
4110,Bad
9649,Good
7814,Bad
2936,Good
3625,Good
5215,Bad
6713,Good
2508,Bad
1231,Good
4249,Bad
6141,Good
7885,Good
4373,Good
10073,Good
641,Bad
6981,Good
5299,Good
7913,Good
3302,Good
7898,Good
7526,Bad
4189,Bad
1152,Bad
10392,Good
3824,Good
1526,Good
5538,Bad
2316,Bad
9881,Good
5853,Bad
1806,Good
8010,Good
10355,Good
947,Good
4172,Bad
8173,Bad
4807,Bad
578,Good
6226,Good
983,Good
2451,Bad
2969,Bad
4934,Good
731,Bad
115,Bad
1459,Good
557,Bad
671,Good
9734,Good
4273,Bad
9873,Good
10125,Bad
8205,Bad
8092,Bad
8731,Bad
5073,Bad
6379,Bad
5653,Good
8558,Good
5186,Good
8771,Bad
5680,Good
9975,Bad
2294,Bad
295,Bad
4968,Good
3131,Bad
10222,Bad
9537,Bad
9690,Good
5245,Bad
8579,Bad
7894,Good
9639,Bad
9623,Good
2924,Bad
9263,Good
8314,Good
3750,Bad
6140,Bad
225,Bad
5630,Good
8762,Good
5098,Good
2479,Bad
6832,Bad
10065,Bad
5082,Good
8999,Bad
772,Good
4219,Good
1972,Good
1077,Good
9617,Good
8410,Good
6967,Good
9044,Good
7960,Bad
8224,Bad
2994,Good
5990,Bad
2199,Bad
3540,Good
4820,Bad
7225,Bad
2039,Good
1628,Good
6074,Good
9053,Bad
7292,Bad
1043,Bad
7491,Bad
4931,Good
6013,Good
8690,Good
8186,Bad
2577,Good
6779,Bad
9314,Good
1731,Bad
1416,Bad
1828,Bad
4409,Good
9233,Good
388,Bad
1915,Bad
520,Good
3386,Good
9536,Good
4856,Bad
79,Good
5312,Bad
1331,Good
6018,Bad
4309,Bad
1857,Bad
6922,Bad
3946,Good
2724,Bad
9439,Good
7486,Bad
3991,Good
3449,Good
7431,Good
6173,Good
6318,Bad
4697,Bad
4861,Good
8817,Bad
7906,Good
7754,Bad
1134,Bad
342,Good
7441,Good
7199,Good
9564,Good
6146,Good
8212,Bad
9323,Good
7812,Bad
7271,Bad
3172,Good
7434,Bad
3542,Bad
6625,Good
2093,Good
167,Good
931,Good
9380,Good
1052,Good
5967,Good
8659,Good
8880,Bad
3396,Good
7840,Good
2254,Good
3379,Good
9449,Bad
5591,Bad
9566,Good
916,Good
8061,Good
9653,Good
1525,Bad
6458,Good
5740,Bad
3934,Good
1697,Good
6560,Bad
8799,Good
3854,Good
6965,Good
7936,Good
299,Good
10124,Good
4637,Good
5047,Bad
4355,Bad
1429,Bad
5802,Bad
9296,Good
1851,Bad
3808,Good
9514,Good
7797,Bad
407,Good
6932,Bad
4001,Bad
5656,Good
8858,Bad
2683,Good
2746,Bad
3536,Good
4138,Bad
2248,Bad
10038,Bad
7161,Bad
1694,Bad
5450,Bad
8311,Good
7641,Bad
5014,Good
3844,Good
10078,Bad
720,Bad
1065,Good
1624,Good
3229,Good
5178,Bad
2274,Good
9803,Good
3186,Bad
305,Bad
5475,Good
6689,Good
9412,Bad
3814,Good
2844,Good
8058,Good
4707,Bad
7065,Good
862,Good
4457,Bad
6695,Bad
5342,Bad
10328,Good
1990,Bad
2324,Bad
7713,Good
9421,Bad
3056,Bad
9468,Good
4037,Good
3073,Good
9097,Bad
77,Bad
4494,Bad
9953,Bad
4092,Bad
10277,Good
3485,Bad
4720,Good
2955,Bad
2400,Bad
6896,Good
2054,Bad
7466,Bad
6501,Bad
7011,Good
2723,Bad
4793,Bad
8032,Good
1979,Bad
2122,Bad
6271,Good
3250,Good
5002,Bad
7983,Good
4413,Good
8829,Good
8631,Good
3529,Good
9060,Bad
877,Good
569,Bad
2805,Good
9238,Good
3856,Good
3220,Bad
9384,Good
5216,Good
10083,Bad
4554,Good
6111,Good
9420,Bad
1626,Good
2959,Bad
6795,Bad
8053,Bad
576,Bad
8988,Bad
3941,Bad
6230,Good
3168,Bad
6808,Bad
2419,Bad
6864,Good
2279,Bad
6320,Bad
1507,Good
3816,Good
9665,Bad
6655,Bad
5590,Bad
6008,Good
1954,Bad
2372,Good
5037,Bad
4878,Good
3007,Bad
3027,Good
1246,Bad
4453,Bad
6709,Bad
5172,Bad
760,Good
4566,Bad
1674,Bad
5508,Bad
8572,Bad
10020,Bad
1126,Bad
7916,Bad
6614,Good
771,Good
10008,Bad
2700,Bad
2472,Bad
7932,Good
1249,Bad
3084,Good
4300,Bad
5278,Bad
4528,Bad
714,Good
6812,Good
4905,Good
5235,Good
1567,Good
7522,Good
8774,Good
1799,Bad
5581,Bad
1475,Good
4020,Bad
6541,Bad
8656,Good
8678,Bad
1634,Good
7755,Bad
10400,Good
3096,Bad
5461,Bad
9003,Good
141,Bad
5238,Good
1826,Bad
7569,Bad
6130,Good
5498,Good
9780,Good
8363,Bad
320,Good
6164,Good
7803,Good
2169,Bad
3450,Bad
3914,Good
2857,Bad
3762,Good
8819,Bad
9778,Bad
8895,Bad
1319,Bad
7146,Bad
1198,Bad
7911,Good
901,Good
2434,Bad
6663,Bad
7025,Good
6920,Bad
7202,Bad
3375,Bad
6718,Good
5064,Bad
9896,Good
338,Good
5663,Bad
6754,Good
2867,Bad
7139,Bad
2230,Good
9126,Bad
9720,Good
6049,Bad
10217,Good
2286,Bad
5046,Bad
5228,Bad
10293,Good
4146,Bad
8365,Bad
9724,Good
9219,Bad
2228,Bad
9692,Good
6524,Good
4398,Bad
10111,Good
6870,Bad
5747,Bad
4978,Good
7214,Bad
889,Good
266,Good
9075,Bad
9151,Good
10187,Bad
3189,Bad
7630,Bad
9103,Good
3337,Bad
7114,Bad
8935,Bad
7683,Good
1005,Bad
3763,Good
9433,Bad
8475,Bad
8175,Good
9989,Good
8316,Good
8376,Bad
9553,Good
4967,Bad
10055,Good
1502,Good
7800,Bad
1171,Bad
2401,Bad
5116,Good
5134,Good
3753,Good
5940,Good
2346,Bad
5444,Good
2251,Bad
9811,Bad
1086,Good
2402,Good
1591,Bad
10420,Bad
3638,Bad
6120,Bad
6764,Bad
7576,Good
1506,Bad
7456,Good
7844,Bad
5841,Good
1849,Bad
9436,Bad
8975,Bad
15,Bad
7717,Bad
5295,Bad
7798,Bad
9785,Bad
9786,Bad
9029,Bad
8569,Good
3986,Good
4604,Bad
5672,Bad
9616,Good
1746,Bad
7082,Good
6980,Bad
6684,Bad
9764,Bad
2610,Good
5370,Bad
7351,Bad
1328,Bad
5678,Bad
9290,Good
1206,Bad
9373,Good
9444,Bad
9948,Good
1554,Bad
6301,Bad
643,Good
10179,Good
303,Bad
1846,Bad
7160,Bad
9363,Good
10082,Good
9886,Bad
4045,Good
9866,Bad
5177,Good
9165,Good
4476,Bad
3288,Good
418,Bad
9835,Bad
7086,Good
2300,Bad
8332,Good
6418,Good
5513,Good
2059,Bad
7763,Good
7530,Bad
805,Good
1093,Good
8926,Good
9947,Good
8679,Bad
2979,Bad
6383,Bad
4728,Good
2563,Good
474,Good
3132,Good
8788,Bad
631,Bad
1969,Bad
3645,Bad
559,Good
6978,Good
8280,Bad
93,Bad
3953,Bad
3813,Bad
1199,Good
5677,Bad
1312,Bad
7802,Good
8930,Good
3159,Bad
598,Good
2180,Bad
6377,Bad
9448,Bad
6245,Bad
2095,Good
8372,Good
7074,Good
9115,Bad
7942,Good
5416,Good
5708,Bad
6353,Bad
6347,Bad
2603,Bad
7830,Bad
1305,Bad
9979,Good
4513,Bad
6483,Bad
150,Bad
2126,Bad
3965,Good
9840,Bad
8002,Good
6872,Good
8418,Bad
9476,Bad
5203,Bad
9040,Bad
7472,Bad
9464,Bad
1096,Bad
6720,Good
9773,Bad
1489,Bad
3980,Good
2486,Bad
9352,Good
5268,Bad
5314,Good
4956,Good
5781,Good
3151,Good
10312,Good
8765,Bad
1241,Bad
9952,Bad
7329,Good
5801,Bad
7687,Good
3977,Good
10443,Good
7610,Bad
2737,Good
3469,Good
8065,Good
502,Bad
600,Good
8411,Bad
811,Good
8157,Good
9642,Bad
9077,Bad
5197,Good
6475,Bad
3862,Good
3692,Good
5152,Good
2765,Good
8837,Good
7674,Bad
9535,Good
10156,Good
8354,Good
7756,Bad
10236,Bad
7433,Bad
1464,Good
2744,Bad
5123,Good
5011,Good
7546,Bad
231,Good
4734,Bad
5144,Bad
472,Bad
6621,Bad
377,Good
8438,Bad
3640,Good
1216,Bad
814,Good
3744,Bad
43,Bad
7473,Good
7646,Bad
6357,Bad
2483,Bad
9106,Bad
2943,Bad
715,Good
9704,Good
33,Good
9259,Good
7746,Bad
1299,Bad
3099,Good
6512,Bad
5608,Good
8552,Good
419,Good
3845,Good
4239,Good
2423,Bad
3548,Good
2657,Good
750,Good
5400,Bad
8891,Bad
6773,Good
1977,Bad
8980,Bad
5511,Good
7088,Bad
6637,Bad
4580,Bad
10330,Good
2024,Bad
928,Bad
4459,Bad
4598,Bad
8708,Bad
8209,Bad
5885,Good
1859,Good
151,Bad
8256,Good
7507,Bad
8931,Good
7283,Bad
5716,Good
6890,Good
1884,Good
1605,Bad
6506,Bad
1850,Bad
4352,Bad
5735,Bad
8017,Good
7235,Bad
8761,Bad
3541,Bad
9327,Good
7217,Bad
3150,Good
5319,Good
7672,Bad
10043,Good
8957,Bad
567,Good
926,Good
1481,Bad
1074,Good
4555,Bad
4770,Good
7505,Bad
4135,Good
1936,Bad
1215,Bad
8491,Bad
6415,Bad
4926,Good
3262,Bad
581,Good
2375,Bad
4682,Good
1097,Bad
949,Good
24,Bad
10375,Good
4266,Bad
5182,Bad
9978,Good
7340,Bad
3772,Bad
7553,Bad
350,Good
7533,Bad
741,Bad
6115,Bad
7419,Good
8783,Bad
3286,Bad
5504,Good
2728,Good
10117,Bad
186,Bad
8223,Bad
1627,Bad
9635,Bad
8725,Bad
4938,Good
10122,Bad
3878,Bad
1085,Bad
3587,Good
8597,Good
211,Good
6284,Good
8528,Bad
7794,Good
4773,Good
7147,Bad
2783,Bad
8825,Good
3555,Bad
10251,Good
514,Bad
908,Good
9631,Bad
6178,Bad
2919,Bad
6260,Good
6839,Good
2458,Bad
9757,Good
2104,Good
6050,Good
6413,Good
4075,Bad
6633,Bad
2679,Bad
786,Good
974,Good
5717,Good
1964,Good
3859,Good
4393,Good
1948,Bad
7732,Good
9841,Good
9345,Good
4264,Bad
372,Bad
1582,Bad
3417,Good
7774,Bad
921,Good
1289,Bad
50,Bad
4817,Bad
2569,Bad
1474,Good
3287,Good
3612,Good
7590,Bad
6370,Bad
1377,Good
4920,Good
6424,Bad
1987,Bad
6886,Good
8903,Good
2233,Bad
4993,Good
7595,Bad
8015,Good
10035,Bad
9551,Bad
4251,Bad
956,Bad
522,Bad
17,Bad
1418,Bad
8163,Good
775,Good
4890,Good
5526,Good
5301,Bad
1242,Bad
8644,Bad
9893,Good
8692,Bad
9521,Bad
3840,Good
8232,Bad
10412,Good
1262,Bad
7764,Good
2315,Bad
4147,Bad
8382,Good
10158,Good
7699,Good
2553,Good
9154,Bad
5624,Bad
5257,Bad
8373,Bad
9900,Bad
1041,Good
3523,Bad
3825,Good
2826,Bad
237,Good
4884,Bad
6930,Good
8846,Good
5057,Bad
510,Bad
6180,Good
2507,Bad
8607,Good
4855,Good
10398,Good
4470,Bad
535,Good
1861,Bad
8536,Good
8483,Bad
7212,Bad
6425,Bad
7123,Good
5415,Good
3093,Good
3316,Bad
9912,Good
10000,Bad
2231,Bad
1361,Bad
1658,Bad
6802,Good
7538,Good
5760,Good
3841,Good
9387,Good
5493,Bad
2191,Bad
5770,Bad
1515,Good
9277,Bad
1018,Bad
3169,Bad
5703,Good
2183,Bad
10389,Good
4650,Bad
6887,Bad
8996,Bad
6840,Good
5343,Bad
4331,Bad
9493,Bad
8445,Bad
6780,Good
6810,Good
9346,Good
10407,Good
10370,Bad
2147,Bad
1540,Bad
1284,Bad
4013,Good
1325,Bad
6744,Good
3949,Good
611,Good
9016,Bad
5460,Bad
5954,Good
1243,Bad
897,Bad
5486,Good
4128,Good
9524,Good
6305,Good
3394,Bad
1832,Bad
3756,Bad
304,Bad
2793,Bad
9812,Good
5391,Good
1912,Bad
5373,Bad
904,Bad
5783,Bad
1603,Bad
8259,Good
6796,Bad
7650,Bad
277,Bad
10313,Good
2239,Bad
5553,Good
276,Bad
6344,Bad
2317,Good
7470,Good
3993,Good
1434,Good
1060,Good
8155,Good
6715,Good
6876,Good
8871,Good
7827,Good
5918,Good
9204,Bad
1407,Good
8215,Bad
6003,Good
3602,Good
2556,Bad
7395,Good
4813,Good
3713,Bad
1860,Bad
6883,Bad
8113,Good
6473,Bad
10228,Good
2895,Good
5161,Bad
3613,Good
10243,Good
165,Bad
10413,Bad
6027,Bad
5561,Good
2196,Bad
9547,Bad
5255,Bad
6367,Bad
5714,Good
2002,Bad
6594,Bad
6536,Good
273,Bad
5900,Bad
8161,Bad
8950,Bad
2085,Good
564,Bad
6647,Bad
2301,Bad
4924,Bad
253,Good
7978,Good
4561,Bad
8049,Good
6162,Good
4326,Good
1772,Bad
5527,Good
3082,Bad
6631,Bad
2874,Good
7275,Bad
1128,Good
1218,Bad
4716,Bad
1933,Bad
1490,Good
9723,Good
4056,Good
4349,Bad
6286,Good
7124,Good
10150,Good
7104,Good
5933,Good
4641,Good
3484,Good
9437,Bad
7475,Good
5033,Good
10337,Bad
5001,Bad
3881,Good
9409,Bad
3043,Bad
9236,Bad
675,Bad
4042,Good
2632,Good
8723,Good
8137,Good
6212,Good
6888,Bad
7178,Good
2863,Bad
8912,Bad
4259,Bad
6529,Bad
5692,Bad
5483,Good
10414,Good
5556,Bad
10325,Good
9558,Bad
9552,Bad
9929,Good
7134,Bad
8425,Good
3538,Bad
6468,Good
4556,Good
6002,Good
5891,Bad
10,Good
8073,Good
364,Bad
5025,Bad
7257,Good
6139,Good
6929,Good
313,Bad
8598,Bad
911,Good
6794,Bad
3560,Bad
8416,Bad
10309,Good
7173,Bad
3086,Good
3444,Good
6481,Good
6174,Bad
2405,Bad
2998,Bad
7806,Bad
1856,Bad
331,Bad
1239,Bad
5955,Good
1888,Good
7445,Bad
819,Bad
9884,Bad
1006,Bad
1862,Bad
2129,Bad
9679,Good
8220,Good
8096,Good
9173,Good
9072,Bad
829,Good
9461,Bad
4943,Good
7658,Bad
325,Bad
4035,Good
9200,Bad
612,Good
521,Good
5043,Bad
5694,Good
1712,Bad
2067,Bad
2633,Good
5388,Good
642,Bad
5212,Bad
7048,Bad
7762,Good
380,Good
6495,Bad
10067,Good
10449,Good
10259,Bad
2747,Good
3439,Bad
7805,Good
1071,Good
5108,Good
959,Bad
7407,Good
774,Good
747,Bad
1394,Good
5971,Good
9827,Good
1221,Bad
10307,Good
7321,Bad
1881,Bad
6079,Good
7967,Good
5355,Good
10300,Good
8386,Good
5650,Bad
6104,Good
4277,Bad
9467,Bad
4755,Bad
6704,Bad
5138,Bad
7243,Good
3690,Good
7020,Good
7089,Good
546,Good
5580,Good
8051,Bad
1309,Bad
4597,Bad
9878,Good
506,Bad
4099,Bad
6814,Good
542,Good
8639,Good
7179,Good
7170,Bad
9239,Good
6725,Good
4524,Good
9455,Bad
784,Good
5050,Good
3820,Good
1655,Bad
3783,Good
9610,Good
6228,Good
3468,Bad
3853,Good
4731,Bad
1704,Bad
7342,Bad
1110,Bad
2650,Bad
1106,Bad
2383,Good
6994,Good
58,Bad
7181,Bad
6972,Bad
3211,Good
4963,Good
3915,Bad
2518,Good
5960,Bad
8066,Good
2696,Bad
10168,Good
2121,Bad
3345,Good
5291,Good
2068,Bad
9875,Bad
1929,Bad
7813,Bad
1656,Bad
7119,Bad
3347,Bad
9977,Bad
7556,Good
8133,Good
515,Good
10159,Good
1094,Bad
5249,Bad
665,Good
6257,Good
8238,Bad
9370,Good
4607,Bad
9821,Good
4310,Good
3178,Good
7853,Bad
6414,Bad
5027,Bad
4543,Good
8606,Bad
10396,Good
1855,Good
544,Good
2858,Bad
53,Bad
5158,Bad
798,Good
5160,Good
7451,Bad
8478,Bad
2412,Bad
5641,Bad
8851,Bad
3521,Good
9726,Good
4681,Good
4882,Good
5020,Good
1992,Bad
134,Good
8977,Bad
5464,Good
1835,Bad
3265,Good
4711,Good
5981,Good
4445,Bad
7369,Bad
9733,Bad
3091,Bad
7933,Bad
8151,Good
1473,Good
682,Good
565,Bad
2522,Good
4683,Bad
3476,Good
2097,Good
8028,Good
3228,Good
3693,Good
6592,Bad
1652,Bad
8134,Good
4788,Bad
6350,Bad
9777,Bad
3784,Good
4785,Good
5709,Bad
3032,Bad
10347,Good
9028,Bad
6643,Good
3463,Good
718,Good
1597,Good
3041,Bad
2713,Bad
8943,Good
6805,Bad
1796,Good
683,Bad
4295,Good
5878,Good
5506,Bad
7152,Good
5723,Good
4547,Bad
8968,Bad
383,Bad
9810,Bad
10131,Good
188,Good
7131,Bad
662,Good
3573,Good
8704,Bad
5099,Good
9214,Bad
2258,Bad
5320,Good
9250,Good
6382,Bad
8542,Bad
10451,Good
4097,Bad
9396,Good
6778,Bad
6735,Bad
3945,Good
7398,Good
9695,Good
4693,Good
2106,Good
8285,Bad
6381,Good
8474,Bad
4241,Good
9221,Good
7612,Good
5742,Bad
9699,Good
3111,Good
8793,Bad
5356,Bad
3068,Bad
4426,Good
2200,Good
4377,Good
709,Bad
6602,Bad
853,Bad
609,Bad
6600,Good
3415,Good
4231,Bad
5169,Bad
4085,Bad
6650,Bad
5867,Bad
9047,Bad
9273,Bad
254,Bad
2427,Good
3574,Good
7554,Bad
3505,Good
7977,Good
2659,Bad
7449,Good
10453,Bad
2647,Bad
8820,Bad
1991,Bad
7520,Bad
3053,Bad
8787,Bad
5502,Good
9598,Bad
8854,Bad
3081,Bad
2780,Bad
5843,Bad
306,Good
6014,Bad
6627,Bad
813,Good
4282,Bad
6983,Good
6906,Bad
6749,Bad
1555,Good
6583,Good
5524,Good
6394,Good
8052,Good
3048,Good
59,Bad
4879,Good
6599,Bad
9170,Good
335,Good
4777,Good
4514,Bad
6343,Bad
3413,Bad
8759,Good
8527,Bad
677,Bad
7621,Bad
4966,Bad
1593,Good
7303,Bad
5303,Good
10214,Bad
3694,Good
5728,Bad
8830,Good
624,Bad
210,Good
1033,Bad
10063,Bad
9920,Bad
7452,Bad
3591,Good
990,Bad
10445,Good
4635,Good
5994,Bad
8109,Good
2431,Bad
9118,Good
3248,Bad
8627,Good
9360,Good
456,Bad
196,Bad
6891,Bad
2086,Good
9039,Good
2757,Bad
7437,Good
4361,Good
1512,Bad
2642,Good
2323,Bad
6882,Good
9501,Bad
3786,Good
9359,Good
4551,Bad
9834,Good
4578,Bad
6971,Good
9079,Bad
2378,Bad
3735,Good
1758,Bad
220,Good
4767,Bad
8180,Bad
8916,Bad
5681,Good
9634,Bad
3034,Good
7320,Good
8039,Good
4401,Bad
3516,Bad
4194,Good
5045,Bad
4066,Bad
1950,Good
4982,Good
5667,Bad
7081,Good
7501,Good
3583,Good
5487,Good
8560,Good
9523,Good
5670,Good
2743,Good
3307,Bad
10164,Good
7482,Good
7397,Bad
1705,Good
6402,Good
1245,Bad
3601,Good
6565,Bad
10053,Bad
6179,Good
781,Good
5412,Good
9548,Good
1062,Bad
7783,Good
7188,Bad
6646,Bad
8208,Bad
2722,Bad
6170,Good
3003,Bad
2030,Good
4766,Bad
5148,Bad
10306,Bad
7589,Bad
3354,Good
2574,Good
5571,Bad
6768,Bad
2568,Bad
2302,Good
9606,Bad
5384,Bad
4797,Good
184,Good
2654,Bad
3332,Good
5834,Bad
2105,Bad
3008,Bad
4441,Bad
2984,Bad
255,Bad
9031,Good
3377,Bad
390,Good
2186,Bad
5060,Bad
6992,Good
5942,Bad
2387,Bad
7761,Bad
3167,Bad
4723,Bad
2280,Good
5589,Good
6903,Good
2143,Bad
6449,Bad
8255,Bad
8044,Good
2495,Bad
7745,Bad
22,Good
6696,Bad
4769,Bad
4850,Bad
4520,Good
6015,Good
1404,Bad
672,Bad
7096,Bad
10137,Bad
8284,Good
2869,Good
2991,Bad
2096,Bad
8455,Bad
4260,Bad
9843,Good
2878,Good
944,Good
6124,Good
5192,Good
4754,Good
8170,Bad
9518,Bad
191,Bad
7947,Bad
6585,Bad
4562,Good
5546,Good
5179,Bad
7591,Bad
2875,Bad
8289,Good
7487,Bad
2225,Good
9127,Good
9898,Bad
754,Bad
1324,Bad
9638,Good
7231,Bad
1316,Bad
394,Good
1177,Good
1117,Bad
9144,Good
2727,Good
2616,Bad
3830,Bad
2223,Good
9549,Good
8130,Good
9999,Good
8054,Good
8193,Bad
2901,Bad
9256,Bad
6053,Good
2769,Good
9933,Good
4507,Good
7995,Good
3367,Good
9431,Bad
2810,Good
3033,Good
7736,Good
3482,Bad
4156,Bad
9907,Bad
6623,Bad
8327,Good
5684,Bad
2090,Bad
9271,Good
10425,Bad
4647,Bad
8804,Good
4918,Good
2675,Bad
10044,Bad
1320,Bad
9534,Bad
8288,Good
5174,Bad
6800,Good
9996,Bad
3731,Good
7353,Bad
1777,Good
4054,Good
2927,Good
3738,Bad
3699,Bad
1843,Bad
2485,Good
5599,Good
5233,Good
1696,Good
10106,Good
4727,Bad
2625,Bad
7458,Bad
6215,Good
8101,Good
1920,Bad
883,Bad
10173,Good
9926,Bad
5168,Good
4211,Good
927,Good
2847,Bad
3109,Bad
621,Bad
2900,Bad
3615,Bad
7628,Bad
7682,Bad
8114,Good
5453,Good
64,Good
5225,Good
8031,Good
4825,Good
5767,Bad
5190,Good
3924,Good
4568,Bad
3006,Good
4853,Bad
5617,Good
5121,Good
8339,Good
978,Good
8405,Bad
2138,Bad
4357,Good
2627,Good
10047,Bad
4191,Bad
1759,Bad
4328,Bad
7858,Bad
7498,Good
651,Good
2890,Bad
6263,Good
95,Good
937,Bad
501,Good
5214,Bad
1057,Bad
3995,Bad
71,Good
3925,Good
1492,Bad
9793,Bad
5069,Bad
6806,Bad
5798,Bad
6126,Good
9211,Bad
5044,Bad
1999,Good
8333,Bad
9798,Good
3628,Good
3404,Bad
10351,Good
8024,Good
606,Bad
1872,Bad
9463,Bad
6928,Good
6708,Good
6464,Bad
5883,Good
9515,Bad
202,Good
3153,Bad
4177,Good
3812,Bad
2605,Bad
8062,Bad
7856,Bad
8608,Bad
2538,Bad
5297,Bad
10362,Good
9968,Good
9998,Good
9545,Good
7694,Bad
8605,Good
9792,Good
4654,Bad
2046,Bad
5814,Bad
10227,Good
10057,Bad
10334,Good
10384,Good
5995,Bad
584,Good
5986,Good
5987,Bad
2993,Good
8191,Good
2189,Bad
6705,Bad
3970,Good
2703,Bad
3872,Good
2055,Bad
3363,Good
2948,Good
3604,Good
7229,Bad
5277,Bad
10360,Good
6028,Good
8826,Bad
9177,Bad
9093,Bad
1315,Bad
5056,Bad
6946,Good
2313,Bad
952,Good
3121,Bad
128,Bad
3803,Good
3329,Good
7267,Good
2247,Bad
6517,Good
3238,Good
2882,Bad
2026,Bad
9497,Bad
9775,Good
5417,Bad
9089,Good
5081,Bad
7331,Good
2532,Bad
4631,Bad
3145,Bad
7164,Bad
4668,Good
4847,Good
5413,Bad
1120,Good
8981,Good
10273,Good
9854,Good
5405,Good
5371,Good
2753,Bad
5787,Good
3798,Good
7258,Good
4779,Good
6727,Bad
5049,Bad
2192,Bad
4602,Good
8307,Bad
7709,Bad
1190,Bad
4186,Good
2347,Good
6269,Good
10302,Good
6724,Bad
3860,Good
1717,Good
10109,Bad
706,Bad
9758,Bad
7385,Bad
9427,Good
9932,Bad
2819,Good
8472,Bad
5866,Good
5115,Bad
6683,Bad
1764,Good
1795,Bad
2652,Bad
5231,Bad
9630,Good
1124,Bad
5284,Bad
4717,Bad
9155,Bad
1210,Bad
6165,Good
7094,Bad
7855,Bad
10388,Good
5341,Bad
7422,Bad
4729,Bad
6338,Good
8166,Bad
8037,Good
172,Good
3897,Bad
6400,Good
7175,Good
3635,Good
2116,Bad
3451,Good
420,Bad
354,Bad
1644,Bad
3649,Good
1905,Bad
1745,Bad
3199,Bad
1372,Good
3204,Good
6327,Bad
3729,Good
6555,Bad
10138,Good
1412,Good
7891,Good
3850,Good
2206,Bad
5310,Good
4450,Good
8021,Good
4258,Bad
7284,Bad
4871,Good
2842,Bad
133,Good
2788,Good
2159,Bad
2576,Bad
1910,Bad
6968,Good
195,Bad
32,Bad
9374,Good
728,Bad
4254,Bad
5797,Bad
5266,Bad
7949,Good
2620,Good
3384,Good
7743,Bad
2612,Bad
6908,Good
5345,Bad
7893,Good
8441,Bad
8555,Bad
10025,Bad
61,Bad
6022,Good
2273,Bad
5648,Good
2256,Bad
1834,Bad
6616,Good
4031,Bad
10054,Good
7467,Bad
4131,Bad
8886,Good
2754,Bad
5514,Bad
6463,Bad
482,Good
348,Bad
5536,Good
5833,Bad
7374,Good
7300,Good
411,Bad
870,Bad
2257,Good
1460,Bad
2282,Bad
4178,Good
5661,Good
716,Bad
6364,Bad
3695,Good
5733,Good
1342,Good
2114,Good
7406,Bad
3815,Good
4399,Bad
10333,Good
44,Bad
1653,Bad
824,Good
7018,Good
2166,Bad
1457,Good
5950,Good
7380,Good
7952,Good
7360,Bad
10129,Bad
7613,Bad
5201,Bad
28,Bad
1657,Good
5619,Bad
8814,Good
7719,Bad
837,Good
10352,Good
180,Bad
9322,Bad
108,Good
1369,Bad
3771,Good
5058,Bad
7620,Good
450,Bad
10256,Good
6955,Bad
5776,Bad
2779,Bad
7907,Good
4248,Bad
8007,Good
3074,Bad
8275,Good
2083,Bad
6208,Good
296,Bad
628,Good
2688,Bad
6087,Good
3579,Bad
9309,Good
2590,Bad
3420,Good
3059,Bad
3545,Good
4614,Bad
2626,Bad
8800,Bad
3707,Good
6270,Bad
5563,Good
9531,Bad
362,Good
5129,Good
1437,Bad
5750,Bad
2666,Good
6739,Good
5812,Bad
3632,Good
4465,Good
8792,Good
7272,Bad
733,Bad
6069,Good
2063,Good
8533,Good
2856,Bad
3831,Good
9402,Good
8433,Bad
2547,Bad
8198,Bad
3930,Good
9746,Bad
1084,Bad
696,Good
6160,Good
9902,Bad
4317,Bad
6445,Bad
6280,Good
168,Good
6528,Bad
1925,Bad
9822,Bad
7211,Bad
47,Good
6432,Good
5335,Bad
9139,Bad
4245,Bad
4209,Bad
158,Good
1519,Bad
3203,Good
6635,Bad
3028,Good
3369,Bad
5170,Bad
8384,Bad
7014,Good
8693,Good
8776,Bad
8873,Bad
51,Good
5102,Bad
8566,Good
4976,Bad
7367,Bad
1870,Bad
1083,Good
1715,Good
5467,Good
6730,Bad
116,Bad
1137,Good
2019,Good
7480,Bad
655,Bad
7729,Bad
2720,Bad
980,Good
9062,Bad
36,Bad
8760,Good
10377,Good
4278,Bad
9442,Bad
3974,Good
4796,Good
2195,Bad
2839,Bad
9313,Good
9664,Good
8357,Bad
4848,Good
4696,Good
6662,Good
5525,Good
7493,Bad
5604,Good
3730,Good
2509,Good
4564,Bad
3225,Bad
3714,Good
7776,Good
5067,Bad
6455,Bad
1488,Bad
1681,Bad
5243,Bad
7543,Bad
2636,Bad
8831,Bad
5968,Bad
1183,Bad
4335,Bad
6613,Good
5988,Bad
3016,Bad
8894,Good
8573,Bad
5523,Good
7771,Bad
6581,Bad
9386,Good
1523,Good
3252,Good
8875,Bad
1937,Bad
6299,Good
10386,Good
7092,Good
4325,Good
5004,Good
3454,Bad
4674,Bad
3877,Good
6474,Good
4616,Good
397,Bad
4783,Good
10410,Good
6998,Bad
792,Good
1463,Good
7910,Bad
4826,Good
8594,Good
8570,Bad
9059,Good
863,Bad
4348,Bad
10289,Bad
8970,Bad
7106,Bad
9331,Good
2705,Bad
10176,Bad
8712,Bad
1527,Bad
6149,Good
10049,Bad
1175,Bad
3481,Good
3982,Good
1923,Good
5481,Bad
1880,Bad
3889,Good
4338,Bad
850,Good
1886,Bad
3639,Good
7679,Bad
10455,Bad
4104,Bad
981,Good
2740,Good
5944,Good
7843,Good
719,Bad
4088,Bad
3503,Bad
3291,Good
9577,Good
4255,Good
387,Bad
9422,Bad
6235,Good
5353,Bad
425,Bad
3660,Good
6829,Good
802,Good
8855,Good
4492,Good
7247,Bad
4870,Bad
710,Bad
3473,Good
932,Good
9224,Good
9085,Good
6566,Good
10077,Bad
610,Good
3957,Good
6989,Good
9967,Good
4877,Good
7055,Good
7423,Good
8972,Bad
9823,Good
5311,Bad
5091,Good
2332,Bad
4268,Good
1185,Bad
6515,Bad
3067,Good
1939,Bad
5863,Good
1452,Bad
3507,Good
530,Bad
8436,Good
5455,Bad
7198,Good
1643,Good
230,Good
6629,Bad
4815,Good
8737,Bad
574,Bad
10010,Bad
8110,Good
1362,Bad
4946,Good
1272,Good
3095,Good
1683,Bad
9319,Good
5340,Bad
5387,Bad
8521,Good
6534,Bad
9411,Good
636,Bad
4205,Bad
9082,Bad
5935,Good
4229,Good
3861,Good
7786,Bad
1042,Good
5208,Good
777,Bad
9737,Good
9478,Bad
7341,Bad
1351,Bad
6181,Good
1232,Bad
6196,Bad
10373,Bad
5597,Bad
6252,Good
963,Good
12,Bad
2076,Bad
7030,Good
7770,Bad
6584,Bad
6477,Good
5864,Good
8377,Bad
3405,Bad
3751,Bad
4705,Bad
869,Good
3374,Bad
845,Good
1360,Bad
2985,Bad
6288,Bad
8848,Good
7068,Good
8450,Bad
5288,Bad
3431,Good
10166,Good
1379,Bad
2678,Good
8753,Good
5517,Good
9693,Bad
9991,Bad
7993,Bad
8476,Good
185,Good
5738,Bad
2500,Bad
7084,Good
9594,Bad
821,Good
6080,Good
8018,Bad
183,Good
6588,Bad
2704,Bad
8782,Bad
7468,Bad
7701,Bad
2135,Bad
2160,Bad
6539,Bad
6195,Good
9876,Good
1504,Good
6740,Bad
4437,Bad
458,Good
1138,Bad
6117,Good
6420,Bad
8001,Good
2618,Bad
9320,Good
8498,Good
1064,Good
1472,Bad
2034,Good
4358,Bad
4360,Good
469,Good
1279,Bad
3090,Bad
10411,Good
9472,Bad
6587,Bad
9707,Good
4374,Bad
3210,Bad
6065,Bad
6842,Bad
6822,Bad
5931,Bad
86,Bad
6521,Bad
2613,Bad
5980,Bad
10185,Good
2353,Good
1267,Bad
2619,Bad
421,Bad
6813,Bad
2668,Bad
8199,Bad
8298,Bad
3001,Good
8637,Good
9897,Bad
9013,Bad
2156,Bad
6061,Bad
8944,Bad
8836,Bad
8272,Bad
5593,Bad
6668,Good
1586,Good
10059,Bad
5354,Good
10221,Good
381,Bad
454,Bad
10433,Good
5104,Good
10064,Good
10415,Good
1317,Bad
2420,Good
7307,Good
5200,Bad
5383,Bad
9145,Good
5227,Good
1133,Bad
9452,Bad
2382,Good
5640,Bad
9091,Good
2187,Bad
4341,Bad
6222,Good
5237,Good
7634,Good
10264,Good
5642,Bad
4407,Good
8746,Bad
9001,Good
6694,Good
7378,Bad
5445,Good
10201,Good
4246,Bad
10231,Good
8040,Good
1160,Good
10434,Good
5440,Good
7318,Good
2949,Good
5432,Good
6144,Bad
6838,Bad
7316,Bad
3870,Good
10430,Good
5420,Bad
9718,Good
7724,Good
5520,Bad
1693,Bad
10180,Good
8629,Good
3143,Bad
5250,Bad
7042,Good
1365,Good
4010,Good
1113,Bad
7500,Bad
1916,Bad
7485,Bad
1997,Bad
3543,Good
7639,Bad
3883,Good
4327,Good
5539,Bad
6586,Bad
6374,Bad
7111,Bad
6538,Bad
236,Good
6303,Good
6046,Good
1911,Bad
2771,Good
7141,Bad
8983,Bad
3267,Good
4120,Good
4544,Bad
4662,Bad
1089,Good
2849,Bad
4702,Good
1584,Bad
8641,Good
6618,Good
3909,Bad
8123,Good
7654,Bad
7767,Good
2305,Bad
2817,Bad
4895,Good
10075,Good
6834,Good
8653,Good
6427,Bad
3012,Good
6430,Bad
9216,Bad
964,Good
5989,Good
6576,Bad
4346,Good
7734,Bad
2814,Bad
6304,Bad
1701,Bad
10381,Good
6845,Good
4819,Good
1196,Bad
3675,Good
396,Bad
2755,Good
10311,Good
9830,Bad
2115,Good
3120,Bad
6743,Good
556,Good
4286,Bad
3491,Bad
9036,Good
1010,Bad
4261,Good
4337,Good
2144,Bad
5042,Bad
3963,Bad
2986,Good
10387,Good
942,Good
1572,Bad
9871,Good
7288,Bad
962,Good
762,Bad
3418,Bad
393,Good
10391,Good
7306,Good
1885,Bad
9644,Bad
4565,Bad
6511,Bad
6851,Good
2373,Good
5317,Bad
10270,Good
8393,Bad
6121,Bad
1876,Good
1896,Bad
5366,Bad
315,Good
2685,Good
4201,Bad
2173,Good
906,Good
8562,Good
8543,Bad
1945,Bad
9868,Bad
8646,Good
8660,Good
9624,Good
1537,Bad
6063,Good
369,Good
4509,Bad
2222,Bad
9942,Bad
2371,Good
516,Bad
2450,Bad
4666,Good
8670,Bad
1311,Bad
7607,Bad
9763,Good
918,Good
627,Bad
4482,Bad
4018,Good
2044,Good
4762,Good
1462,Good
10096,Bad
7476,Bad
519,Good
7504,Good
9004,Good
3933,Bad
302,Bad
4739,Good
1668,Bad
1816,Bad
2253,Bad
1894,Good
5541,Good
9729,Good
6970,Bad
5369,Bad
3835,Good
5594,Bad
3670,Good
8336,Bad
8741,Bad
8387,Bad
5552,Good
5890,Good
5790,Bad
1230,Bad
10241,Bad
9068,Good
4343,Bad
633,Good
3278,Bad
6913,Good
9356,Good
1139,Good
1831,Good
10444,Bad
1205,Bad
3972,Bad
5419,Bad
1356,Bad
4217,Bad
6039,Bad
6878,Good
1224,Bad
2725,Bad
5585,Bad
562,Bad
2471,Bad
8754,Bad
1569,Bad
7365,Bad
5752,Bad
5286,Bad
3471,Good
8437,Good
161,Good
3961,Good
3515,Good
3170,Good
2070,Good
3174,Bad
6443,Good
8318,Bad
1090,Bad
6029,Good
3197,Good
7323,Good
1157,Bad
986,Good
2416,Bad
113,Bad
9176,Bad
8810,Bad
5316,Good
3767,Good
5616,Good
400,Good
228,Bad
10135,Bad
4609,Good
5958,Bad
356,Bad
5439,Good
80,Good
8071,Bad
2905,Bad
8262,Bad
10001,Bad
9770,Bad
3498,Good
9295,Good
9017,Good
2523,Bad
3715,Good
7809,Bad
8513,Bad
2823,Bad
6498,Good
8822,Bad
8877,Bad
3890,Bad
8179,Bad
8904,Bad
4017,Good
4263,Good
5584,Good
9759,Bad
1330,Good
7312,Good
6428,Bad
4939,Good
7216,Good
4464,Bad
831,Bad
1298,Bad
7816,Bad
9174,Bad
8992,Bad
7741,Good
4538,Good
2009,Good
4792,Good
1598,Bad
4388,Bad
4423,Bad
10436,Good
9282,Good
7471,Good
4389,Bad
2828,Bad
10022,Bad
7052,Good
8801,Bad
10205,Bad
398,Good
6076,Good
4917,Good
5226,Good
6977,Good
1013,Good
7582,Bad
6589,Bad
5306,Bad
3749,Good
7264,Good
5839,Bad
3274,Bad
4949,Good
10292,Good
6142,Bad
6339,Bad
6110,Good
9573,Good
103,Bad
5429,Bad
8313,Good
281,Bad
2081,Bad
10088,Good
4072,Bad
10452,Good
8815,Good
3218,Good
239,Good
7659,Bad
7515,Good
4073,Bad
6766,Good
5041,Bad
2162,Good
3176,Good
9543,Bad
7559,Bad
6733,Bad
2630,Good
8204,Good
1395,Bad
1675,Bad
7424,Bad
7075,Good
7420,Good
37,Bad
1477,Bad
8574,Good
6078,Good
5207,Good
6858,Good
8669,Good
146,Bad
4761,Good
9976,Good
101,Good
4623,Bad
2212,Good
2478,Bad
3397,Good
3306,Bad
2344,Bad
1892,Good
7880,Bad
7411,Good
4986,Bad
6590,Bad
9987,Bad
8530,Bad
8299,Bad
6755,Bad
3365,Bad
2997,Bad
4081,Bad
443,Good
4749,Good
3519,Good
4790,Bad
2888,Bad
1570,Bad
8413,Bad
10368,Good
7218,Bad
9228,Bad
8041,Good
1063,Bad
9403,Good
6250,Bad
6738,Bad
10318,Bad
2807,Bad
5953,Bad
6312,Good
2999,Good
1240,Good
3780,Good
5898,Bad
9717,Good
7782,Good
6152,Good
1022,Bad
4786,Good
3305,Good
3577,Bad
7354,Bad
6227,Bad
9853,Bad
5154,Bad
5213,Bad
6680,Good
7572,Bad
593,Good
1012,Bad
4936,Good
7038,Good
1350,Bad
6272,Good
5128,Bad
8340,Bad
4297,Bad
10211,Good
3289,Good
1225,Good
7071,Good
6294,Good
669,Bad
9283,Good
7633,Good
694,Good
1340,Bad
7974,Bad
5090,Bad
4142,Good
181,Good
935,Bad
7704,Bad
10095,Bad
119,Bad
9540,Bad
10003,Bad
1259,Bad
8546,Bad
7721,Bad
779,Good
8917,Bad
3849,Bad
8745,Bad
9556,Bad
1815,Bad
10115,Good
1907,Bad
3922,Good
7593,Bad
796,Bad
4725,Good
3535,Good
7293,Good
6675,Bad
810,Good
7492,Bad
9379,Good
5718,Good
6817,Good
5658,Good
8145,Good
5881,Good
965,Good
8948,Good
7948,Good
227,Good
5471,Good
7668,Bad
3721,Good
5726,Good
8843,Bad
8261,Bad
465,Good
2894,Good
879,Good
9508,Bad
6807,Bad
1343,Good
2209,Bad
2832,Good
9544,Good
9171,Bad
10419,Good
1848,Bad
6927,Bad
3944,Good
4872,Good
572,Bad
7,Good
5744,Bad
5876,Bad
4162,Bad
8309,Good
2386,Good
1722,Bad
537,Bad
8414,Good
3166,Bad
323,Good
4473,Good
8008,Good
5689,Good
7828,Bad
7887,Bad
8162,Good
5550,Good
4832,Good
5908,Good
1082,Bad
1734,Bad
9470,Good
5772,Bad
4479,Good
3973,Good
3898,Bad
6070,Bad
6291,Good
8117,Bad
6058,Good
473,Good
3042,Good
8538,Bad
89,Good
4141,Bad
3918,Good
6673,Bad
10134,Good
1226,Good
10087,Good
8246,Bad
7442,Bad
9922,Bad
8809,Good
2669,Bad
6066,Good
3237,Bad
4789,Good
5031,Good
2397,Bad
5914,Bad
5097,Good
10275,Bad
10080,Good
1368,Good
3196,Good
1145,Bad
5261,Bad
10007,Bad
9070,Bad
4563,Bad
431,Bad
5859,Bad
6472,Bad
5347,Bad
7224,Good
9262,Bad
765,Good
8583,Good
3777,Bad
4304,Bad
9080,Bad
4540,Bad
9261,Good
5534,Good
5780,Bad
4530,Good
5229,Good
6020,Good
5784,Good
7206,Bad
3340,Good
8818,Good
8517,Good
10324,Good
1883,Good
8462,Bad
9483,Bad
2399,Good
1229,Bad
7090,Good
2031,Good
3537,Bad
2812,Good
2877,Good
2277,Bad
9404,Good
8469,Bad
10441,Good
2649,Bad
7416,Bad
7905,Bad
7208,Bad
7740,Bad
3686,Good
5274,Bad
7044,Good
1338,Bad
2069,Bad
3179,Good
3611,Good
8713,Bad
7121,Good
6973,Good
1952,Bad
2163,Bad
1295,Bad
7899,Bad
1158,Bad
1121,Good
7221,Good
1618,Bad
3858,Good
